Image,Image Size,Image Modification Date
Ecological-Medium-Fat-Milk_001.jpg,27.51 KB,Wednesday July 26 13:28:08 2023
Ecological-Medium-Fat-Milk_002.jpg,20.92 KB,Wednesday July 26 13:28:08 2023
Ecological-Medium-Fat-Milk_003.jpg,27.89 KB,Wednesday July 26 13:28:08 2023
Ecological-Medium-Fat-Milk_004.jpg,22.54 KB,Wednesday July 26 13:28:08 2023
Ecological-Medium-Fat-Milk_005.jpg,26.62 KB,Wednesday July 26 13:28:08 2023
Medium-Fat-Milk_001.jpg,24.44 KB,Wednesday July 26 13:28:08 2023
Medium-Fat-Milk_002.jpg,15.58 KB,Wednesday July 26 13:28:08 2023
Medium-Fat-Milk_003.jpg,29.22 KB,Wednesday July 26 13:28:08 2023
Medium-Fat-Milk_004.jpg,24.93 KB,Wednesday July 26 13:28:08 2023
Standard-Milk_001.jpg,32.06 KB,Wednesday July 26 13:28:08 2023
Standard-Milk_002.jpg,20.79 KB,Wednesday July 26 13:28:08 2023
Standard-Milk_003.jpg,23.42 KB,Wednesday July 26 13:28:08 2023
Standard-Milk_004.jpg,22.08 KB,Wednesday July 26 13:28:08 2023
Standard-Milk_005.jpg,18.65 KB,Wednesday July 26 13:28:08 2023
Ecological-Medium-Fat-Milk_001.jpg,26.75 KB,Wednesday July 26 13:28:08 2023
Ecological-Medium-Fat-Milk_002.jpg,28.39 KB,Wednesday July 26 13:28:08 2023
Ecological-Medium-Fat-Milk_003.jpg,23.74 KB,Wednesday July 26 13:28:08 2023
Ecological-Medium-Fat-Milk_004.jpg,26.64 KB,Wednesday July 26 13:28:08 2023
Ecological-Medium-Fat-Milk_005.jpg,26.72 KB,Wednesday July 26 13:28:08 2023
Ecological-Medium-Fat-Milk_006.jpg,24.87 KB,Wednesday July 26 13:28:08 2023
Ecological-Standard-Milk_001.jpg,23.05 KB,Wednesday July 26 13:28:08 2023
Ecological-Standard-Milk_002.jpg,21.33 KB,Wednesday July 26 13:28:08 2023
Ecological-Standard-Milk_003.jpg,26.89 KB,Wednesday July 26 13:28:08 2023
Ecological-Standard-Milk_004.jpg,27.48 KB,Wednesday July 26 13:28:08 2023
Ecological-Standard-Milk_005.jpg,20.54 KB,Wednesday July 26 13:28:08 2023
Ecological-Standard-Milk_006.jpg,26.18 KB,Wednesday July 26 13:28:08 2023
Oat-Milk_001.jpg,15.5 KB,Wednesday July 26 13:28:08 2023
Oat-Milk_002.jpg,21.91 KB,Wednesday July 26 13:28:08 2023
Oat-Milk_003.jpg,21.27 KB,Wednesday July 26 13:28:08 2023
Oat-Milk_004.jpg,17.51 KB,Wednesday July 26 13:28:08 2023
Oat-Milk_005.jpg,22.28 KB,Wednesday July 26 13:28:08 2023
Natural-Oatghurt_001.jpg,20.81 KB,Wednesday July 26 13:28:08 2023
Natural-Oatghurt_002.jpg,23.58 KB,Wednesday July 26 13:28:08 2023
Natural-Oatghurt_003.jpg,26.24 KB,Wednesday July 26 13:28:08 2023
Natural-Oatghurt_004.jpg,21.8 KB,Wednesday July 26 13:28:08 2023
Natural-Oatghurt_005.jpg,23.73 KB,Wednesday July 26 13:28:08 2023
Ecological-Medium-Fat-Milk_001.jpg,27.51 KB,Tuesday August 22 23:53:31 2023
Ecological-Medium-Fat-Milk_002.jpg,20.92 KB,Tuesday August 22 23:53:31 2023
Ecological-Medium-Fat-Milk_003.jpg,27.89 KB,Tuesday August 22 23:53:31 2023
Ecological-Medium-Fat-Milk_004.jpg,22.54 KB,Tuesday August 22 23:53:31 2023
Ecological-Medium-Fat-Milk_005.jpg,26.62 KB,Tuesday August 22 23:53:31 2023
Medium-Fat-Milk_001.jpg,24.44 KB,Tuesday August 22 23:53:31 2023
Medium-Fat-Milk_002.jpg,15.58 KB,Tuesday August 22 23:53:31 2023
Medium-Fat-Milk_003.jpg,29.22 KB,Tuesday August 22 23:53:31 2023
Medium-Fat-Milk_004.jpg,24.93 KB,Tuesday August 22 23:53:31 2023
Standard-Milk_001.jpg,32.06 KB,Tuesday August 22 23:53:31 2023
Standard-Milk_002.jpg,20.79 KB,Tuesday August 22 23:53:31 2023
Standard-Milk_003.jpg,23.42 KB,Tuesday August 22 23:53:31 2023
Standard-Milk_004.jpg,22.08 KB,Tuesday August 22 23:53:31 2023
Standard-Milk_005.jpg,18.65 KB,Tuesday August 22 23:53:31 2023
Ecological-Medium-Fat-Milk_001.jpg,26.75 KB,Tuesday August 22 23:53:31 2023
Ecological-Medium-Fat-Milk_002.jpg,28.39 KB,Tuesday August 22 23:53:31 2023
Ecological-Medium-Fat-Milk_003.jpg,23.74 KB,Tuesday August 22 23:53:31 2023
Ecological-Medium-Fat-Milk_004.jpg,26.64 KB,Tuesday August 22 23:53:31 2023
Ecological-Medium-Fat-Milk_005.jpg,26.72 KB,Tuesday August 22 23:53:31 2023
Ecological-Medium-Fat-Milk_006.jpg,24.87 KB,Tuesday August 22 23:53:31 2023
Ecological-Standard-Milk_001.jpg,23.05 KB,Tuesday August 22 23:53:31 2023
Ecological-Standard-Milk_002.jpg,21.33 KB,Tuesday August 22 23:53:31 2023
Ecological-Standard-Milk_003.jpg,26.89 KB,Tuesday August 22 23:53:31 2023
Ecological-Standard-Milk_004.jpg,27.48 KB,Tuesday August 22 23:53:31 2023
Ecological-Standard-Milk_005.jpg,20.54 KB,Tuesday August 22 23:53:31 2023
Ecological-Standard-Milk_006.jpg,26.18 KB,Tuesday August 22 23:53:31 2023
Natural-Oatghurt_001.jpg,20.81 KB,Tuesday August 22 23:53:31 2023
Natural-Oatghurt_002.jpg,23.58 KB,Tuesday August 22 23:53:31 2023
Natural-Oatghurt_003.jpg,26.24 KB,Tuesday August 22 23:53:31 2023
Natural-Oatghurt_004.jpg,21.8 KB,Tuesday August 22 23:53:31 2023
Natural-Oatghurt_005.jpg,23.73 KB,Tuesday August 22 23:53:31 2023
Oat-Milk_001.jpg,15.5 KB,Tuesday August 22 23:53:31 2023
Oat-Milk_002.jpg,21.91 KB,Tuesday August 22 23:53:31 2023
Oat-Milk_003.jpg,21.27 KB,Tuesday August 22 23:53:31 2023
Oat-Milk_004.jpg,17.51 KB,Tuesday August 22 23:53:31 2023
Oat-Milk_005.jpg,22.28 KB,Tuesday August 22 23:53:31 2023
